DepartmentCode,StockCode,Description,OnHand,SalesQty,SalesValue,SalesCost,GrossProfit,TurnoverPercent,GrossProfitPercent
BAAC05,LP9001646,CUTICURA OINTMENT  50G,0.0,1.0,57.09,41.88,15.21,0.078,26.642
BAAD08,LP9090103,ROOIBOS FACIAL WIPES 25 HYDRATING,0.0,1.0,40.83,33.11,7.72,0.04,18.908
BAAF01,LP9121101,ROOIBOS MAN MOISTURE FC/BODY&H CRM,0.0,1.0,73.13,44.84,28.29,0.146,38.685
BBSN05,LP9118663,CLINICA BODY BUTTER 500G HONEY,0.0,1.0,50.39,38.42,11.97,0.062,23.755
BBSN06,LP9123701,JENAM CLASSIC TALC CONT COTTON,1.0,1.0,60.83,42.5,18.33,0.094,30.133
BBSN14,LP9139848,JENAM ULTIMATE LUXURY MAGNOLIA,0.0,1.0,69.52,48.5,21.02,0.108,30.236
BCCF01,LP9065491,ASCOT FND SPICED,7.0,1.0,27.78,16.58,11.2,0.058,40.317
BCCF01,LP9097633,WOW COMPACT FND #05 HOT CHOCOLATE,12.0,3.0,273.78,159.0,114.78,0.592,41.924
FBBE05,LP9012855,BEPANTHEN  30G NAPPY CARE OINT,0.0,1.0,93.87,73.2,20.67,0.107,22.02
FBBG03,LP9012981,TELAMENT PAEDIATRIC GRIPE WATER,1.0,1.0,51.3,31.9,19.4,0.1,37.817
FBBG03,LP9012982,WOODWARDS GRIPE  WATER 150ML,0.0,1.0,49.52,31.75,17.77,0.092,35.884
FBBG05,LP9012997,MUTHI WENYONI 100ML,4.0,2.0,88.46,62.26,26.2,0.135,29.618
FDAA02,LP9149579,CJ MEDI BANDAGE ELASTIC ADH 10CMX3M,8.0,1.0,81.7,56.69,25.01,0.129,30.612
FDAA04,LP9049408,MEDIC CREPE BDG  50MM,6.0,2.0,26.0,18.32,7.68,0.04,29.538
FDAA04,LP9149723,CJ MEDI BANDAGE CREPE 5CM X 4.5M,12.0,2.0,22.6,12.11,10.49,0.054,46.416
FDAB03,LP9049067,BIOSCRUB   50ML,4.0,1.0,21.7,15.33,6.37,0.033,29.355
FDAB03,LP9147473,OPULAB WOUND & BURNS SPRAY 50ML,2.0,3.0,260.73,185.64,75.09,0.387,28.8
FDAC01,LP9014344,MX GAUZE SWABS  50MM 8PLY N/S 100,1.0,1.0,34.74,24.57,10.17,0.052,29.275
FDAC01,LP9017535,GAUZE SWABS  70MM 8PLY N/S 100 CLIN,0.0,2.0,64.26,43.0,21.26,0.11,33.084
FDAG01,LP9060895,THE CHOICE NEEDLES 5  21G,407.0,4.0,6.8,1.5,5.3,0.027,77.941
FDAG03,LP9105438,BD MICROFINE SYR 1ML  8MM 30G 10,69.0,5.0,17.15,11.96,5.19,0.027,30.262
FDAI01,LP9074160,MEDIC PLASTER ADH PAD 65X76MM 5,0.0,1.0,21.73,12.17,9.56,0.049,43.994
FDAI01,LP9142070,ALMEGA DRESSING FABRIC 5 10X25CM DE,0.0,5.0,51.95,37.05,14.9,0.077,28.681
FDAI02,LP9135946,MX MICROPOROUS TAPE 5CM X 3M,6.0,1.0,38.22,27.0,11.22,0.058,29.356
FDAI05,LP9068729,MX WOUND DRESS FILM 10X25CM,28.0,7.0,182.28,126.44,55.84,0.288,30.634
FDAN01,LP9020166,LIQ PARAFFIN 200ML PAKMED,1.0,1.0,44.3,32.99,11.31,0.058,25.53
FDAN01,LP9130493,IMPO SOLUTIONS CAMPHOR BLOCK SLEEVE,39.0,1.0,16.48,10.3,6.18,0.032,37.5
FDAN01,LP9138457,MEDIC GLYCERINE BP 50ML,1.0,1.0,30.42,17.6,12.82,0.066,42.143
FNCB02,LP9153732,PLEAZER 300ML CRANBERRY,16.0,2.0,34.7,25.8,8.9,0.046,25.648
FNCB04,LP9076678,THIRSTI 500ML STILL,15.0,1.0,6.91,4.86,2.05,0.011,29.667
FNCB04,LP9082627,BENE STILL WATER  330ML,12.0,1.0,8.69,5.35,3.34,0.017,38.435
FNCB04,LP9112587,THIRSTI 750ML STILL,24.0,1.0,10.39,7.5,2.89,0.015,27.815
FNCB05,LP9017356,OROS 300ML ORANGE,19.0,1.0,9.56,6.67,2.89,0.015,30.23
FNCB05,LP9017357,OROS 300ML RASPBERRY,16.0,1.0,9.56,6.67,2.89,0.015,30.23
FNCB06,LP9017359,BENE FLAV WATER 500ML BERRY,2.0,1.0,11.3,7.38,3.92,0.02,34.69
FNCB06,LP9017360,BENE FLAV WATER 500ML NAARTJIE,8.0,2.0,22.6,14.76,7.84,0.04,34.69
FNCB08,LP9017409,STERI STUMPIE 350ML CHOCOLATE,78.0,1.0,17.35,13.8,3.55,0.018,20.461
FNCD02,LP9105076,NESTLE TEX MINI 18G,21.0,1.0,5.17,3.8,1.37,0.007,26.499
FNCD03,LP9017878,CADBURY 80G SLAB TOP DECK,6.0,1.0,19.96,16.56,3.4,0.018,17.034
FNCE01,LP9018088,JUNGLE ENERGY BAR NUT K,31.0,1.0,12.13,9.06,3.07,0.016,25.309
FNCE03,LP9069193,MAYNARDS WINE GUMS 39G ROLL BLACKCU,0.0,2.0,20.78,15.9,4.88,0.025,23.484
FNCE05,LP9018457,WILSONS XXX MUSK,43.0,1.0,5.17,3.72,1.45,0.007,28.046
FNCE05,LP9143848,MAYNARDS ORIGINAL WINE GUMS 60G,88.0,2.0,27.74,19.43,8.31,0.043,29.957
FNCF01,LP9018497,HALLS STICK 10 EXTRA STRONG,37.0,2.0,22.52,17.12,5.4,0.028,23.979
FNCS07,LP9151297,TRUDA PRETZEL 40G DELICIOUSLY SALTE,26.0,1.0,5.21,3.12,2.09,0.011,40.115
FNHC03,LP9109083,MELTONIAN SUEDE RENOV NEUTRAL,1.0,1.0,66.04,48.69,17.35,0.089,26.272
FNIA01,LP9140919,CJ TISSUES 2PLY 200 WHITE,20.0,2.0,39.14,32.29,6.85,0.035,17.501
FNIA02,LP9086094,SATIN SOFT ROLLS 2PLY 18,39.0,1.0,108.65,89.6,19.05,0.098,17.533
FNOA01,LP9079282,TLC BAG HANDY SMALL,0.0,1.0,0.87,0.0,0.87,0.004,100.0
FNVA01,LP9013618,DQUIP BATTERY ALKALINE AA 12PCS,0.0,1.0,99.99,68.41,31.58,0.163,31.583
FNVA02,LP9013620,DQUIP BATTERY ALKALINE AAA 12PCS,1.0,1.0,99.99,52.14,47.85,0.247,47.855
FPBG02,LP9079610,NIVEA MEN SHW GEL 500ML SILVER PROT,0.0,1.0,73.87,55.86,18.01,0.093,24.381
FPBL04,LP9099542,CLINICA HAND SANITIZER 50ML,0.0,1.0,21.7,12.08,9.62,0.05,44.332
FPBS02,LP9023100,PURE SOAP 150G 1 REITZER,12.0,1.0,25.18,18.26,6.92,0.036,27.482
FPBS02,LP9023108,TETMOSOL SOAP 75GM,0.0,1.0,28.69,18.9,9.79,0.05,34.123
FPDM01,LP9106202,NIVEA DEO 150ML MEN SPIRIT,1.0,1.0,41.73,33.73,8.0,0.041,19.171
FPDM02,LP9096155,NIVEA RON MEN DEEP EXPRESSO,1.0,1.0,28.69,22.79,5.9,0.03,20.565
FPDW01,LP9023844,SHOWER TO SH DEO F 150ML MUSK ALIVE,2.0,1.0,39.09,30.37,8.72,0.045,22.307
FPDW02,LP9024017,MITCHUM RON LADY PWDR FRESH,0.0,1.0,47.78,32.2,15.58,0.08,32.608
FPHC03,LP9025407,KAIR HILIGHT KIT   REFILL,0.0,1.0,95.61,74.8,20.81,0.107,21.766
FPHD08,LP9095638,WOW HAIR BANDS 053328,1.0,1.0,25.17,17.0,8.17,0.042,32.459
FPHE02,LP9026207,DARK&LOVELY OLIVE  OIL MOIST 250ML,0.0,1.0,47.82,37.93,9.89,0.051,20.682
FPHK01,LP9027081,TRITAR SHAMPOO 250ML,1.0,1.0,217.35,134.17,83.18,0.429,38.27
FPIP03,LP9027604,ALWAYS MAXI PLUS 10,1.0,1.0,28.99,16.05,12.94,0.067,44.636
FPIS02,LP9059252,CLINICA LUBRICATING JELLY 50G,0.0,1.0,43.43,30.4,13.03,0.067,30.002
FPOT01,LP9028477,A/FRESH TPASTE 100ML FRESH&MINT,1.0,1.0,21.73,17.38,4.35,0.022,20.018
FPSB04,LP9002028,SBR REPAIR 100G,0.0,1.0,308.65,240.98,67.67,0.349,21.925
FPSB04,LP9029353,EPI-MAX LOTION 450ML PUMP,0.0,1.0,82.57,57.4,25.17,0.13,30.483
FPSB04,LP9071073,EPIZONE E OINT 100G,2.8,1.0,47.78,35.7,12.08,0.062,25.283
FPSC02,LP9029259,REITZER AQUEOUS CRM 500ML,12.29,0.2,28.75,4.66,24.09,0.124,83.791
FPSL01,LP9029516,ZAM-BUK OINT 7G,2.0,1.0,8.65,6.09,2.56,0.013,29.595
FPSL04,LP9128795,VASELINE LIP THERAPY 4.8G ORIGINAL,1.0,1.0,38.22,20.7,17.52,0.09,45.84
FPSL04,LP9129569,SOFTLIPS DUO 2G RASPBERRY RUSH VP,1.0,1.0,56.48,38.71,17.77,0.092,31.462
FPSS01,LP9050589,CETAPHIL SUN EXTREME CRM SPF50,0.0,1.0,373.87,295.8,78.07,0.402,20.882
FPVW03,LP9121054,MAX SHAVE LADY 2BLADE LH DISPOS RAZ,3.0,2.0,78.24,48.63,29.61,0.153,37.845
HNF102,LP9098072,ALMANS CASHEWS PLAIN 100G,7.0,1.0,34.74,26.62,8.12,0.042,23.374
HSND01,LP9017214,ENERGADE 500ML GRAPE,11.0,1.0,16.48,9.83,6.65,0.034,40.352
HSND01,LP9017219,ENERGADE 500ML TROPICAL,0.0,1.0,16.48,9.49,6.99,0.036,42.415
HSND01,LP9124375,ENERGADE 500ML ZERO SBERRY & CUCUMB,9.0,2.0,31.22,19.66,11.56,0.06,37.028
HSND04,LP9017254,RED BULL 250ML,32.0,1.0,19.09,14.57,4.52,0.023,23.677
HSND04,LP9118224,SWITCH 500ML ORANGE VIT C + ZINC,19.0,1.0,11.26,7.47,3.79,0.02,33.659
HSND04,LP9143814,SWITCH 500ML VITA PLUS ZINC BBERRY&,10.0,1.0,11.26,7.47,3.79,0.02,33.659
HSND04,LP9145435,SWITCH 500ML VITA PLUS ZINC ROOIBOS,6.0,1.0,11.26,7.47,3.79,0.02,33.659
HSNE08,LP9133619,PVM ENERGY BAR 45G BLUEBERRY,11.0,1.0,14.74,11.25,3.49,0.018,23.677
HSTS02,LP9071601,KEDLEY ELAST SUPP KNEE MED,3.0,1.0,73.87,53.63,20.24,0.104,27.399
HSTS08,LP9098462,KEDLEY ARTHRITIS GLOVES MEDIUM,5.0,1.0,178.22,108.9,69.32,0.357,38.896
HVLA02,LP9031950,NATURA RESCUE TABS 150,0.0,1.0,173.87,128.9,44.97,0.232,25.864
HVLA02,LP9038134,PINNACLE ARNICA D6 TABS 100,1.0,1.0,70.39,51.9,18.49,0.095,26.268
HVLB01,LP9031776,BIOSTRATH TABS 100,3.0,1.0,275.88,198.05,77.83,0.401,28.212
HVLB01,LP9036917,DS-24 CAPS 30,14.0,2.0,270.15,129.48,140.67,0.725,52.071
HVLB01,LP9090324,LUNGSHIELD CAPS 30,6.0,1.0,234.11,174.95,59.16,0.305,25.27
HVLB01,LP9103157,BIOGEN MULTIVITAMIN  30,0.0,1.0,111.3,72.34,38.96,0.201,35.004
HVLB03,LP9036894,CENTRUM SELECT 50+ TABS 30,3.0,1.0,168.71,144.09,24.62,0.127,14.593
HVLB06,LP9131316,SYMBIONERVE TABS 30,13.0,1.0,156.77,89.44,67.33,0.347,42.948
HVLD03,LP9037289,JUNGLEVITES CHEWY C APPLE 60,0.0,1.0,133.9,102.4,31.5,0.162,23.525
HVLG01,LP9035386,MANNA TABS  60,0.0,1.0,113.0,81.65,31.35,0.162,27.743
HVLI07,LP9066289,BEROCCA EFF TABS 10 MANGO,2.0,1.0,103.43,74.06,29.37,0.151,28.396
HVLK01,LP9035230,LACTOVITA CAPS 30S,18.575,1.333,114.26,82.59,31.67,0.163,27.717
HVLK01,LP9035264,REUTERINA FEMME CAPS 30,0.0,1.0,295.99,243.8,52.19,0.269,17.632
HVLK01,LP9039484,ENTIRO CAPS 30,2.668,0.333,92.5,64.44,28.06,0.145,30.335
HVLK02,LP9038950,STILLEN 60MG TABS 30,12.0,2.0,268.64,191.16,77.48,0.399,28.842
HVLK02,LP9070926,A VOGEL MOLKOSAN 500ML,0.0,1.0,346.91,250.9,96.01,0.495,27.676
HVLL01,LP9034420,PROMUNE CAPS 60,71.0,1.0,147.78,91.02,56.76,0.293,38.408
HVLL01,LP9132761,LOCAL HEALTH IMMUNE COMPLEX 60,3.0,1.0,147.82,92.22,55.6,0.287,37.613
HVLL01,LP9139893,FLU-BUST PROTECT EFF TABS 10 RBERRY,48.0,1.0,123.28,66.31,56.97,0.294,46.212
HVLL02,LP9073535,XTREME C 500MG TABS  100,5.71,1.0,60.83,36.53,24.3,0.125,39.947
HVLL06,LP9067689,RELICALM TABS  4,0.0,1.0,25.17,17.99,7.18,0.037,28.526
HVLL06,LP9118311,REVITAL GINSENG PLUS CAPS 30,11.0,1.0,118.76,53.28,65.48,0.338,55.136
HVLL06,LP9154236,THE HERBALIST SLEEPY CAPS 60,2.0,1.0,111.26,82.57,28.69,0.148,25.786
HVLL08,LP9151511,THE HERBALIST LIONS MANE CAPS 60,3.0,1.0,123.43,68.45,54.98,0.283,44.543
HVLL13,LP9035745,SILVER LAB COLLOIDAL SIL NASAL 30ML,0.0,1.0,108.43,77.5,30.93,0.159,28.525
HVLL14,LP9097817,VITATECH OMEGA 3 GEL CAPS 30,5.0,1.0,42.57,31.3,11.27,0.058,26.474
HVLL18,LP9076068,PROGAST LIQ 50ML,0.0,1.0,192.13,154.85,37.28,0.192,19.404
HVLL18,LP9089010,PROGAST OXY-COLON CLEANS CAPS 10,2.0,1.0,78.22,56.1,22.12,0.114,28.279
HVLO03,LP9154239,THE HERBALIST ASHWAGANDHA CAPS 60,2.0,1.0,82.57,59.09,23.48,0.121,28.436
HVLP02,LP9110176,VIRALMED VITA G GINGER SHOT 25ML,117.0,12.0,239.52,148.91,90.61,0.467,37.83
HVLP03,LP9110330,EFFERFLU C IMMUNE BOOSTER PLUS EFF,2.0,1.0,121.7,82.33,39.37,0.203,32.35
HVLP03,LP9139838,LINCTAGON C PLUS EFF 12,23.0,2.0,318.18,233.94,84.24,0.434,26.476
HVLP06,LP9037591,CAL-C-VITA PLUS EFF TABS 20,0.0,1.0,152.13,118.2,33.93,0.175,22.303
HVLP06,LP9069973,XTREME C BOOST 150G EFF POWDER,2.0,1.0,141.7,76.63,65.07,0.335,45.921
HVLP07,LP9056257,OXIPROVIN GRAPE SEED EXTRACT 60,0.0,1.0,104.3,77.15,27.15,0.14,26.031
HVLQ01,LP9035023,THRESHOLD OPTI MSM TABS 60,1.0,1.0,173.87,124.9,48.97,0.252,28.165
HVLS02,LP9036814,ESSENTIALE EXTREME  50,1.6,1.0,180.83,128.96,51.87,0.267,28.684
HVLT02,LP9088407,ANACONDA BIG TIME COFFEE 9G,9.0,2.0,81.66,50.0,31.66,0.163,38.771
HVLT07,LP9086741,QUADROFER SACH 30,6.0,4.0,1274.36,1004.08,270.28,1.393,21.209
HVLW01,LP9069503,A VOGEL MULTIFORCE 225G MANGO,1.0,1.0,256.48,146.47,110.01,0.567,42.892
HVLW01,LP9139737,A VOGEL MULTIFORCE SACH 1,36.0,4.0,34.28,27.51,6.77,0.035,19.749
HVLW09,LP9037500,SLOW MAG FIZZY 20,1.0,1.0,180.83,133.68,47.15,0.243,26.074
HVLY04,LP9036172,PREGOMEGA PLUS 30 DAY PACK,3.0,1.0,336.48,248.62,87.86,0.453,26.112
HVLY04,LP9075295,LIFESTYLE PREGNANCY 30 DAY PACK,0.0,1.0,260.86,152.58,108.28,0.558,41.509
HVZZ01,LP9032514,INDLOVU VIMBELA OINT  RED,2.0,1.0,19.96,7.6,12.36,0.064,61.924
HVZZ09,LP9081538,SELA TEA 20 WOMEN,1.0,1.0,56.48,32.3,24.18,0.125,42.812
KSAA01,LP9044468,CLINIC BLOOD PRESSURE WITH DISCUSSI,0.0,2.0,69.56,0.0,69.56,0.359,100.0
KSAA01,LP9044469,CLINIC BLOOD PRESSURE (REPEAT/PENS),0.0,2.0,42.61,0.0,42.61,0.22,100.0
KSAA01,LP9044470,CLINIC CLEAN-WOUND DRESS (10MIN),0.0,1.0,43.48,0.0,43.48,0.224,100.0
KSAA01,LP9044473,CLINIC FAMILY PLANNING CONSTULTATIO,0.0,6.0,417.42,0.0,417.42,2.152,100.0
KSAA01,LP9044477,CLINIC CONSULT/SERVICE FEE,0.0,5.0,608.7,0.0,608.7,3.138,100.0
KSAA01,LP9044483,CLINIC WOUND DRESSING LARGE,0.0,1.0,130.43,0.0,130.43,0.672,100.0
KSAA01,LP9044523,CLINIC PREGNANCY TEST,0.0,2.0,121.74,0.0,121.74,0.628,100.0
KSAA01,LP9085593,MEDIHELP ADMIN VACCINE,0.0,1.0,113.04,0.0,113.04,0.583,100.0
MADA02,LP9074910,PREGNANCY TEST MIDSTREAM ALMEGA,59.0,2.0,36.44,26.84,9.6,0.049,26.345
MADS01,LP9141712,FREESTYLE LIBRE 2 ABBOT,5.0,2.0,1961.24,1893.9,67.34,0.347,3.434
MAHC01,LP9037805,MED LEMON SACHETS  8 LEM/MENTH/VIT,3.0,1.0,65.17,59.12,6.05,0.031,9.283
MAHC01,LP9037806,MED LEMON SACHETS  8 VIT C REGULAR,2.0,1.0,79.96,59.12,20.84,0.107,26.063
MAHC01,LP9147546,FLU-BUST COUGH RELIEF SYR 200ML,31.0,1.0,140.69,82.7,57.99,0.299,41.218
MAHC03,LP9038121,WOODS LOZENGES MP CHERRY,1.0,1.0,36.48,26.65,9.83,0.051,26.946
MAHC04,LP9112416,VICKS ACTA PLUS WET AND DRY  50ML,3.0,1.0,42.57,30.4,12.17,0.063,28.588
MAHC04,LP9112418,VICKS ACTA PLUS WET AND DRY 200ML,1.0,1.0,113.0,81.9,31.1,0.16,27.522
MAHC05,LP9034432,SINUPRET FORTE 50,1.0,1.0,291.5,227.9,63.6,0.328,21.818
MAHC05,LP9037880,TIBB FLU-RELIEF SYR 200ML,4.125,0.25,64.2,30.57,33.63,0.173,52.383
MAHC06,LP9034423,PROSPAN COUGH    SYRUP 100ML,18.0,1.0,90.35,65.17,25.18,0.13,27.869
MAHC07,LP9038035,SINUTAB SALINE  NASAL SPRAY 15ML,0.0,1.0,78.22,61.13,17.09,0.088,21.849
MAHC09,LP9139745,VICKS XTRA STRONG VAPORUB 50G,5.0,1.0,55.61,52.25,3.36,0.017,6.042
MAHE02,LP9012322,XAILIN NIGHT OINT 5G,2.0,1.0,150.15,115.5,34.65,0.179,23.077
MAHE02,LP9037911,OPTIVE PLUS 10ML,1.0,1.0,176.43,131.89,44.54,0.23,25.245
MAHF01,LP9074293,8 TREK DRAWING OINT 50ML,0.3,1.0,49.52,35.63,13.89,0.072,28.049
MAHH01,LP9038061,WAXSOL EAR DROPS 10ML,2.0,1.0,118.22,81.27,36.95,0.19,31.255
MAHI01,LP9038828,ALKAFIZZ GRANULES 120G,2.0,1.0,119.09,86.96,32.13,0.166,26.98
MAHI01,LP9038841,CITRO SODA SACHETS 30X4G,2.0,1.0,128.65,94.76,33.89,0.175,26.343
MAHI01,LP9038849,DE WITTS PILLS  16,2.0,1.0,38.22,28.9,9.32,0.048,24.385
MAHI01,LP9038920,MAGASIL GULF DRUG SUS 100ML,4.0,1.0,16.48,12.3,4.18,0.022,25.364
MAHI01,LP9038923,MAYOGEL SUSP 200ML,126.0,2.0,82.52,56.62,25.9,0.134,31.386
MAHI01,LP9038926,MIST POT CIT 100ML SIMPLEX PROPAN,7.0,1.0,20.83,14.04,6.79,0.035,32.597
MAHI01,LP9038927,MIST POT CIT 200ML SIMPLEX PROPAN,17.0,1.0,30.39,22.29,8.1,0.042,26.654
MAHI01,LP9038952,ULSANIC TABS 120,2.11,0.25,211.48,143.83,67.65,0.349,31.989
MAHI01,LP9038955,ULSANIC SUSPENSION 100ML ORANGE,1.0,1.0,149.85,109.86,39.99,0.206,26.687
MAHI01,LP9137820,NEUTRACID SUSPENSION 200ML PEPPERMI,1.5,1.0,86.91,62.53,24.38,0.126,28.052
MAHI02,LP9147361,BANDARIA PWD 10 BERRY,3.6,1.0,123.59,89.44,34.15,0.176,27.632
MAHI05,LP9047034,REHIDRAT SINGLE BLACK CURRANT,15.0,2.0,39.92,29.82,10.1,0.052,25.301
MAHI05,LP9123756,DIAROCARE SACH 6 VANILLA,11.0,1.0,83.43,52.33,31.1,0.16,37.277
MAHI05,LP9130350,SALTABS DAY TABS 60,4.0,1.0,135.08,85.1,49.98,0.258,37.0
MAHI06,LP9039068,MOVICOL 20,5.45,1.0,206.35,129.48,76.87,0.396,37.252
MAHI06,LP9039078,SENOKOT TABS  20,1.0,1.0,81.7,56.6,25.1,0.129,30.722
MAHI06,LP9128814,INOLAX FORTE CAPS 30,2.0,1.0,144.34,102.97,41.37,0.213,28.661
MAHP01,LP9039282,LENNONS BORSDRUPPELS 20ML,3.0,1.0,36.48,24.05,12.43,0.064,34.073
MAHP01,LP9039293,LENNONS HAARLEMENSIS 20ML,0.0,1.0,37.87,24.05,13.82,0.071,36.493
MAHP01,LP9039309,LENNONS STUIPDRUPPELS HM 20ML,3.0,1.0,37.87,24.06,13.81,0.071,36.467
MAHR01,LP9038182,COLPERMIN CAPS 20,0.0,1.0,97.53,76.32,21.21,0.109,21.747
MAHR01,LP9038189,COMPRAL TABS  50,2.0,1.0,54.74,39.25,15.49,0.08,28.297
MAHR01,LP9038257,PAINBLOK 500MG TABS    10,3.0,1.0,15.61,9.95,5.66,0.029,36.259
MAHR01,LP9038264,PANADO EFF TABS 16,2.0,2.0,102.52,72.74,29.78,0.154,29.048
MAHR01,LP9065226,DISPRIN EXTRA 2 1,48.0,3.0,7.65,4.72,2.93,0.015,38.301
MAHR01,LP9115112,GRANDPA STICK PACK 12,5.0,1.0,44.3,31.1,13.2,0.068,29.797
MAHR01,LP9115114,GRANDPA STICK PACK 38,1.106,0.052,5.42,3.91,1.51,0.008,27.86
MAHR02,LP9049370,DR LEE PAIN RELIEF PATCH 2,0.0,2.0,41.66,28.18,13.48,0.069,32.357
MAHR02,LP9059211,TRANSACT LAT PATCH 5,8.0,1.0,179.31,124.44,54.87,0.283,30.601
MAHR03,LP9038304,CALPOL PAED SUSP 100ML,7.0,1.0,75.71,51.66,24.05,0.124,31.766
MAHR03,LP9038325,PANADO SYR 100ML,2.0,1.0,59.96,45.34,14.62,0.075,24.383
MAHR03,LP9038327,PANADO SYR 100ML STRAWBERRY,5.0,1.0,65.17,43.08,22.09,0.114,33.896
MAHR05,LP9034936,ATHRU-DERM LOTION 50G,4.0,1.0,75.61,49.91,25.7,0.132,33.99
MAHR05,LP9038421,PANAMOR GEL  30G,1.0,1.0,77.35,53.27,24.08,0.124,31.131
MAHR05,LP9094379,CLINICA MUSCLE RUB OINT 25G,9.0,1.0,28.65,20.96,7.69,0.04,26.841
MAHR05,LP9107446,ICI-CO HERBAL PAIN GEL 125ML,33.0,2.0,170.34,116.55,53.79,0.277,31.578
NAAB02,LP9110299,CLINI DRY LINEN SAVERS 60X90 CM PUL,1.0,1.0,112.13,75.0,37.13,0.191,33.113
NAAC03,LP9049553,DRESSING TRAY LARGE WITH GLOVES & F,58.0,1.0,26.04,18.06,7.98,0.041,30.645
PDOA02,LP9039155,MEDAZINE T 50MG TABS 10,32.96,1.0,25.74,19.2,6.54,0.034,25.408
PDOA02,LP9074024,MEDAZINE T 50MG TABS 20,33.4,1.5,78.72,57.64,21.08,0.109,26.778
PDOA04,LP9039157,CINDRID 25MG TABS  10,2.8,4.0,118.14,84.4,33.74,0.174,28.559
PDOA05,LP9039178,GASTRON 2MG TABS  6,6.0,1.0,13.0,8.86,4.14,0.021,31.846
PDOA07,LP9038983,SCOPEX 10MG TABS 10,9.0,1.0,46.04,32.38,13.66,0.07,29.67
PDOA08,LP9038982,SCOPEX SYRUP 100ML,6.0,1.0,70.39,49.94,20.45,0.105,29.052
PDOA10,LP9079264,ALUMAG D SUSP 200ML,9.0,2.0,62.52,44.36,18.16,0.094,29.047
PDOA12,LP9038906,LANCAP OTC 15MG CAPS 14,1.0,3.0,252.89,181.02,71.87,0.371,28.419
PDOA12,LP9038907,LANSOLOC OTC 15MG CAPS  7,7.0,2.0,93.82,66.1,27.72,0.143,29.546
PDOA12,LP9043482,LANSOLOC OTC 15MG CAPS 14,17.0,1.0,93.0,66.1,26.9,0.139,28.925
PDOA12,LP9087754,OMIFLUX 20MG OTC CAPS 14,1.133,5.286,418.79,335.98,82.81,0.427,19.774
PDOA12,LP9123786,LOKIT OTC CAPS 14,9.42,3.143,233.99,174.21,59.78,0.308,25.548
PDOA12,LP9127368,NEXIPRAZ OTC TABS 14,20.5,2.0,314.7,224.26,90.44,0.466,28.738
PDOB03,LP9038214,DOXY CO TABS  20,1.0,1.0,21.7,14.96,6.74,0.035,31.06
PDOB03,LP9038280,PYNSTOP TABS 20,3.0,3.0,148.56,105.66,42.9,0.221,28.877
PDOB03,LP9046963,ACURATE TABS  40,18.0,6.0,239.76,171.0,68.76,0.354,28.679
PDOB03,LP9066245,PYNSTOP TABS 40,6.0,2.0,196.74,140.76,55.98,0.289,28.454
PDOB03,LP9066253,BETAPYN TABS 40,15.0,2.0,236.44,168.22,68.22,0.352,28.853
PDOB03,LP9066287,ADCO DOL TABS 40,47.0,6.0,338.88,238.56,100.32,0.517,29.603
PDOB05,LP9070563,ASPEN COLCHICINE 0.5MG TABS 12,6.91,2.5,177.63,135.65,41.98,0.216,23.633
PDOB06,LP9038147,NUROFEN PERIOD PAIN 400MG TABS 12,3.0,1.0,52.13,37.25,14.88,0.077,28.544
PDOB07,LP9079491,DICLOFLAM DISP B/C 50MG TABS  9,1.0,3.0,139.22,102.36,36.86,0.19,26.476
PDOB07,LP9080489,K-FENAK 50MG TABS  9,7.0,2.0,54.6,44.46,10.14,0.052,18.571
PDOB08,LP9039778,IBUCINE 100MG/5ML 100ML,2.0,1.0,52.13,28.28,23.85,0.123,45.751
PDOB11,LP9041046,IBUGESIC FORTE 10MG CAPS 30,13.0,2.0,180.03,129.5,50.53,0.26,28.068
PDOB11,LP9041370,GEN-PAYNE CAPS 30,5.434,2.0,182.52,129.6,52.92,0.273,28.994
PDOB13,LP9038254,MIGRIL TABS 10,0.0,2.0,253.33,182.92,70.41,0.363,27.794
PDOB13,LP9041817,MIGREX  50MG TABS 2,0.0,2.0,249.02,180.68,68.34,0.352,27.444
PDOD01,LP9039204,WORMSTOP 100MG TABS 6,2.0,1.0,17.35,11.89,5.46,0.028,31.47
PDOD02,LP9039202,WORMSTOP SUSPENSION 30ML,1.0,1.0,25.03,17.95,7.08,0.036,28.286
PDOE01,LP9037768,CIPLA ACTIN  4MG TABS 30,45.0,1.0,72.13,51.47,20.66,0.107,28.643
PDOE02,LP9037677,ALLECET 10MG TABS 10,1.0,1.0,33.87,24.13,9.74,0.05,28.757
PDOE02,LP9037751,TEXA SYRUP 100ML,2.0,1.0,121.1,90.37,30.73,0.158,25.376
PDOE02,LP9057673,CETICIT 10MG TABS 30,2.67,1.0,90.91,67.59,23.32,0.12,25.652
PDOE04,LP9037679,ALLERGEX TABS  30,82.668,2.0,48.64,35.02,13.62,0.07,28.002
PDOE05,LP9104199,RHINETON SYR 100ML,0.0,1.0,15.95,11.9,4.05,0.021,25.392
PDOE06,LP9041959,NEOLORIDIN 5MG TABS 10,2.0,2.0,118.18,84.18,34.0,0.175,28.77
PDOE11,LP9037708,FEXO 180 TABS 30,13.0,1.0,253.03,209.49,43.54,0.224,17.207
PDOE13,LP9074023,RUPANASE 10MG TABS 30,0.0,1.0,428.65,310.19,118.46,0.611,27.636
PDOF01,LP9147493,ECOTRIN 81MG TABS  30,1.967,3.667,219.51,159.77,59.74,0.308,27.215
PDOF01,LP9149915,TRINPRIN 100MG GR TABS 30,1.0,1.0,37.34,27.39,9.95,0.051,26.647
PDOG01,LP9014173,ROBAXIN 750MG TABS 20,0.0,1.0,239.09,170.26,68.83,0.355,28.788
PDOG01,LP9038287,SPASMEND TABS  24,6.833,2.0,99.04,70.74,28.3,0.146,28.574
PDOG01,LP9038340,NORFLEX CO TABS  24,5.0,4.0,265.62,190.4,75.22,0.388,28.319
PDOG01,LP9049269,NORFLEX CO TABS  48,3.5,1.0,133.87,95.21,38.66,0.199,28.879
PDOI03,LP9038706,SILBECOR CR 1% 50G(SILVER SULPHADIA,2.0,1.0,75.3,56.19,19.11,0.099,25.378
PDOI04,LP9038720,CANEX TOP CREAM 20G,4.5,1.0,15.61,11.01,4.6,0.024,29.468
PDOI04,LP9038722,COVAREX CREAM 30G (ORIGINAL PACK),0.0,2.0,161.66,114.3,47.36,0.244,29.296
PDOI06,LP9038734,NYSTACID OINTMENT 15G,1.0,1.0,47.78,34.04,13.74,0.071,28.757
PDOI10,LP9038758,ACITOP ROOM 2G,2.0,1.0,43.43,31.02,12.41,0.064,28.575
PDOI10,LP9038759,ADCO ACYCLOVIR  TOPICAL CR 10G,2.8,0.2,38.75,5.78,32.97,0.17,85.084
PDOI10,LP9038763,FENIVIR COLD SORE CREAM 2G,3.0,1.0,76.48,54.75,21.73,0.112,28.413
PDOI11,LP9038743,BIOCORT CREAM 20G,19.25,2.0,60.78,42.72,18.06,0.093,29.714
PDOI11,LP9038751,MYLOCORT OINTMENT 25GM,1.0,2.0,151.38,110.48,40.9,0.211,27.018
PDOI18,LP9038741,ALLERGEX MEPYRAMINE CREAM 25G,21.0,1.0,20.83,14.53,6.3,0.032,30.245
PDOJ05,LP9037970,ILIADIN NASAL SPRAY 0.05% 20ML,1.0,1.0,64.3,63.56,0.74,0.004,1.151
PDOJ05,LP9103048,OXYMIST NASAL SPRAY 10ML ADULT,7.0,1.0,75.12,55.1,20.02,0.103,26.651
PDOJ06,LP9118812,FLUTICASONE TEVA NASAL SPRAY 120 DO,3.0,1.0,101.7,72.43,29.27,0.151,28.781
PDOJ08,LP9038090,MEDI-KEEL A LOZ 16 REGULAR,1.0,1.0,56.29,41.85,14.44,0.074,25.653
PDOJ08,LP9038111,STREPSILS INTENSIVE 12,13.0,1.0,46.04,41.75,4.29,0.022,9.318
PDOJ09,LP9037758,ADVIL CS TABS 20,2.0,1.0,78.22,66.79,11.43,0.059,14.613
PDOJ09,LP9037769,CORENZA C TABS 20,21.0,3.0,808.5,326.91,481.59,2.483,59.566
PDOJ09,LP9037779,DEMAZIN ND REPETAB 6,1.0,1.0,62.44,45.81,16.63,0.086,26.634
PDOJ09,LP9037821,SINUEND TABS 20,3.0,1.0,26.04,18.63,7.41,0.038,28.456
PDOJ09,LP9037822,SINU FLU TABS 20,11.0,1.0,26.91,19.78,7.13,0.037,26.496
PDOJ09,LP9068076,IBUMAX COLD & FLU TABS 24,13.0,1.0,71.94,53.69,18.25,0.094,25.368
PDOJ09,LP9109507,SINUCLEAR CAPS 16,8.0,1.0,52.19,38.95,13.24,0.068,25.369
PDOJ09,LP9126384,DEMAZIN COLD & FLU TABS 20,0.5,1.0,75.15,56.08,19.07,0.098,25.376
PDOJ09,LP9136135,RHINILEVE EFF TABS 20,1.0,1.0,111.59,79.13,32.46,0.167,29.089
PDOJ09,LP9153326,SINU-BUST CAPS 20,20.0,1.0,100.83,65.38,35.45,0.183,35.158
PDOJ10,LP9038301,ADCO FLUPAIN SYRUP 100ML,32.5,1.0,30.39,21.25,9.14,0.047,30.076
PDOJ10,LP9075298,CORYX PAED SYRUP 140ML,5.571,1.0,80.83,57.53,23.3,0.12,28.826
PDOJ10,LP9110094,CORYX PAED SYRUP  70ML,3.0,1.0,40.83,28.76,12.07,0.062,29.562
PDOL01,LP9038807,CANEX VAG CREAM 50G,3.8,1.0,30.39,20.57,9.82,0.051,32.313
PDOL05,LP9041337,RUCINTIX 150MG CAPS 1,2.0,1.0,78.22,55.7,22.52,0.116,28.791
PDOO02,LP9038770,ASTHAVENT INHALER 200 DOSE,12.0,1.0,49.52,35.39,14.13,0.073,28.534
PDOR01,LP9038518,BETALIN SYRUP 100ML,1.0,1.0,21.7,14.97,6.73,0.035,31.014
PDOR01,LP9038549,EXPECTALIN 200ML,2.0,1.0,79.09,56.0,23.09,0.119,29.195
PDOR05,LP9038497,ADCO LINCTOPENT 100ML,28.25,2.0,62.52,43.96,18.56,0.096,29.687
PDOR05,LP9038498,ADCO LINCTOPENT 200ML,30.75,1.25,84.25,54.95,29.3,0.151,34.777
PDOR05,LP9038528,BRONKESE CO LINCTUS 100ML,3.0,1.0,35.61,25.0,10.61,0.055,29.795
PDOR06,LP9038504,AMUCO 200MG TABS 20,2.0,2.0,181.22,140.92,40.3,0.208,22.238
PDOR06,LP9124219,TUSSMUCO 200MG EFT 25,5.6,1.0,103.24,75.74,27.5,0.142,26.637
PDOR07,LP9038492,ALCOPHYLLEX 100ML SYRUP,13.0,3.0,41.61,28.95,12.66,0.065,30.425
PDOR07,LP9038496,ACTOPHLEM 200ML,15.5,1.0,109.97,82.06,27.91,0.144,25.38
PDOR07,LP9038502,ALCOPHYLLEX 200ML SYRUP,136.5,8.0,217.98,154.32,63.66,0.328,29.205
PDOR07,LP9038503,ALCOPHYLLIN 200ML,2.5,1.0,23.43,16.38,7.05,0.036,30.09
PDOU01,LP9038989,URISPAS 200MG TABS 15,3.6,1.0,129.5,95.0,34.5,0.178,26.641
PDSS01,LP9039345,METHYLPHENIDATE HCL DOUGLAS 10MG TA,0.667,1.0,193.41,141.51,51.9,0.268,26.834
PDSS01,LP9079488,NEUCON 27MG TABS 30,0.733,1.0,659.87,625.55,34.32,0.177,5.201
PDST01,LP9038258,PAINBLOK 500MG TABS  100,13.4,0.3,30.37,8.09,22.28,0.115,73.362
PDST01,LP9039444,BE-TABS FOLIC ACID TABS 1000,2.324,0.03,30.56,19.58,10.98,0.057,35.929
PDST02,LP9039645,FLUSTAT CAPS 1000,2.896,0.024,15.53,11.39,4.14,0.021,26.658
PDST03,LP9039847,URIZONE SACHETS 3G,1.0,1.0,237.99,185.89,52.1,0.269,21.892
PDST05,LP9039918,FEMODENE ED 28,1.0,1.0,160.39,126.07,34.32,0.177,21.398
PDST05,LP9039920,LOGYNON ED TABS 28,2.0,2.0,170.5,125.08,45.42,0.234,26.639
PDST05,LP9039935,QLAIRA TABS 28,0.0,2.0,500.79,415.3,85.49,0.441,17.071
PDST05,LP9039942,YAZ TABS 28,3.0,1.0,249.1,212.1,37.0,0.191,14.853
PDST05,LP9079799,YASMIN PLUS TABS 28,4.0,1.0,195.45,168.1,27.35,0.141,13.993
PDST06,LP9040036,NEUROBION AMPS 3ML 3,14.356,0.666,146.68,107.5,39.18,0.202,26.711
PDST06,LP9130072,RYZODEG PENFILL CARTRIDGE 5X3ML *F*,3.24,0.4,289.08,236.97,52.11,0.269,18.026
PDST07,LP9044489,AVAXIM  80 PREFILLED SYRINGE,3.0,1.0,284.63,250.3,34.33,0.177,12.061
PDST07,LP9078532,ONVARA 0.5ML INJ,3.0,1.0,575.43,541.11,34.32,0.177,5.964
PDST08,LP9040112,ABITREXATE 2.5MG TABS 100,3.5,0.24,47.9,35.13,12.77,0.066,26.66
PDST08,LP9040161,ADCO ALZAM 0.5MG TABS  30,5.333,1.0,48.42,35.4,13.02,0.067,26.89
PDST08,LP9040195,ADCO RETIC 5MG TABS 1000,0.94,0.06,50.09,24.62,25.47,0.131,50.848
PDST08,LP9040221,ADCO ZOLPIDEM 10MG TABS 30,10.666,6.0,873.4,644.52,228.88,1.18,26.206
PDST08,LP9040273,ALTOSEC 20MG CAPS 28,7.48,4.213,947.07,755.43,191.64,0.988,20.235
PDST08,LP9040292,AMLOC 10MG TABS 30,2.463,3.0,264.14,194.88,69.26,0.357,26.221
PDST08,LP9040388,ASPAVOR 20MG TABS 30,3.893,1.0,37.34,27.39,9.95,0.051,26.647
PDST08,LP9071621,ANAEROBYL 400MG TABS 1000,0.43,0.02,20.3,4.67,15.63,0.081,76.995
PDST08,LP9110428,ACTIMENTIN 1000MG TABS 10,0.0,2.0,358.48,262.98,95.5,0.492,26.64
PDST09,LP9040396,BETAMOX 500MG CAPS 500,4.036,0.12,77.72,57.0,20.72,0.107,26.66
PDST09,LP9040485,ASPEN TRAZODONE 100MG CAPS 100,0.4,0.6,416.07,381.74,34.33,0.177,8.251
PDST09,LP9040486,ASPEN TRAZODONE  50MG CAPS 100,0.84,0.3,120.43,97.82,22.61,0.117,18.774
PDST09,LP9040493,ASTOR 10MG TABS 30,7.96,2.0,75.92,54.84,21.08,0.109,27.766
PDST09,LP9040495,ASTOR 40MG TABS 30,2.0,2.0,128.76,89.74,39.02,0.201,30.304
PDST09,LP9040528,AURO AMOXICLAV  375MG TABS 15,0.0,1.0,67.69,47.99,19.7,0.102,29.103
PDST09,LP9040530,AURO AMOXICLAV 1000MG TABS 10,0.6,1.0,192.69,152.89,39.8,0.205,20.655
PDST09,LP9040608,AZOR 0.5MG TABS 100,1.98,0.6,96.58,73.84,22.74,0.117,23.545
PDST09,LP9040624,BE-TABS PREDNISONE 5MG TABS 1000,1.792,0.2,66.86,49.57,17.29,0.089,25.86
PDST09,LP9040646,BILOCOR  5MG TABS 30,2.259,1.0,55.83,40.96,14.87,0.077,26.634
PDST09,LP9040654,BIO AMIODARONE 200MG TABS 30,1.0,1.0,308.37,256.26,52.11,0.269,16.899
PDST09,LP9040663,BIO CIMETIDINE 400MG TABS  56,0.996,0.25,15.01,10.97,4.04,0.021,26.915
PDST09,LP9040697,BUSCOPAN CO 10/250MG TABS 100,1.8,0.1,117.41,85.85,31.56,0.163,26.88
PDST09,LP9042461,BROMAZEPAM 3MG TABS 30 KIARA,1.167,1.0,32.01,23.48,8.53,0.044,26.648
PDST09,LP9060986,PREXUM PLUS 10MG TABS 30,2.767,1.0,174.04,127.67,46.37,0.239,26.643
PDST09,LP9064808,AUSTELL ENALAPRIL  5MG TABS 30,2.2,2.0,97.54,72.04,25.5,0.131,26.143
PDST09,LP9094810,BIGSENS XR 500MG TABS 120,0.25,0.25,30.07,22.06,8.01,0.041,26.638
PDST09,LP9136646,BUPYRA XL 300MG TAB 30,0.0,1.0,315.55,278.55,37.0,0.191,11.726
PDST09,LP9138991,BUDAIR 0.5MG 20X2ML,2.25,0.5,180.13,138.14,41.99,0.216,23.311
PDST10,LP9040715,CALCIFEROL 50000IU/ML TABS 100,1.57,0.12,58.15,42.65,15.5,0.08,26.655
PDST10,LP9040742,CARLOC 12.5MG TABS 30,17.16,2.0,171.4,129.38,42.02,0.217,24.516
PDST10,LP9040744,CARLOC  6.25MG TABS 30,13.96,1.0,84.28,61.83,22.45,0.116,26.637
PDST10,LP9040793,CILIFT 20MG TABS 30,6.334,1.0,143.38,107.0,36.38,0.188,25.373
PDST10,LP9040797,CIPALAT RETARD 20MG TABS 60,10.183,1.0,95.72,70.22,25.5,0.131,26.64
PDST10,LP9040815,CIPLA SIMVASTATIN 40MG TABS 30,9.0,1.0,43.04,31.57,11.47,0.059,26.65
PDST10,LP9040839,CIPLAVASC 10MG TABS 30,9.43,2.0,177.1,129.92,47.18,0.243,26.64
PDST10,LP9040840,CIPLAVASC  5MG TABS 30,13.033,1.0,61.52,45.13,16.39,0.084,26.642
PDST10,LP9040841,CIPLA WARFARIN 5MG TABS 100,3.25,0.45,95.09,70.47,24.62,0.127,25.891
PDST10,LP9040847,CIPLOXX 250MG TABS 10,0.0,0.4,11.64,8.23,3.41,0.018,29.296
PDST10,LP9040848,CIPLOXX 500MG TABS 10,1.3,0.3,19.29,14.08,5.21,0.027,27.009
PDST10,LP9048909,CIPLA AZITHROMYCIN 500MG TABS 3,13.333,4.0,553.64,500.98,52.66,0.271,9.512
PDST10,LP9128676,CETVIO 37.5MG/325MG FCT 60,2.5,1.5,266.25,200.36,65.89,0.34,24.747
PDST11,LP9040888,CLACEE 500MG TABS 10,0.0,1.0,171.57,129.58,41.99,0.216,24.474
PDST11,LP9040905,CLOPAMON  10MG TAS 500,0.12,0.06,16.98,12.44,4.54,0.023,26.737
PDST11,LP9040915,CLOXIN 500MG CAPS 100,0.3,0.4,213.18,156.38,56.8,0.293,26.644
PDST11,LP9040977,CO ZOMEVEK 160/12.5MG TABS 28,0.786,1.071,234.16,181.97,52.19,0.269,22.288
PDST11,LP9041008,CYMGEN 30MG CAPS 28,1.293,2.143,368.45,335.42,33.03,0.17,8.965
PDST11,LP9100039,CODOXOL TABS   40,1.0,1.0,34.74,24.42,10.32,0.053,29.706
PDST12,LP9041053,DEPRAMIL 20MG TABS 30,4.0,2.0,166.32,120.52,45.8,0.236,27.537
PDST12,LP9041054,DEPRAMIL 40MG TABS 30,0.0,1.0,204.44,152.34,52.1,0.269,25.484
PDST12,LP9041071,DIAPHAGE  500MG TABS 90,18.224,0.667,29.87,21.92,7.95,0.041,26.615
PDST12,LP9041073,DIAPHAGE 1000MG TABS 60,3.187,1.0,59.03,43.3,15.73,0.081,26.647
PDST12,LP9041129,DOPAQUEL  25MG TABS 100,0.95,1.2,365.43,273.48,91.95,0.474,25.162
PDST12,LP9041156,DYNACAZ 30MG MR TABS 60,1.993,0.5,30.94,22.69,8.25,0.043,26.665
PDST12,LP9041157,DYNA INDAPAMIDE SR 1.5MG TABS 30,2.0,1.0,67.19,49.29,17.9,0.092,26.641
PDST12,LP9041170,DYNARB 300MG TABS 30,0.0,1.0,156.26,116.46,39.8,0.205,25.47
PDST12,LP9115342,DEXILANT 30MG CAPS 28,0.289,1.071,385.73,333.49,52.24,0.269,13.543
PDST13,LP9041213,ENAP CO 20MG TABS 30,1.997,1.0,119.06,87.34,31.72,0.164,26.642
PDST13,LP9041259,ESTROFEM 1MG TABS 28,2.0,1.0,198.55,170.55,28.0,0.144,14.102
PDST13,LP9041274,EUTHYROX 100MCG TABS 30,4.962,6.0,176.54,131.46,45.08,0.232,25.535
PDST13,LP9041275,EUTHYROX  25MCG TABS 30,1.693,2.0,28.94,20.88,8.06,0.042,27.851
PDST13,LP9041276,EUTHYROX  50MCG TABS 30,7.627,2.0,46.93,34.96,11.97,0.062,25.506
PDST13,LP9041296,FEDALOC SR 30MG TABS 30,0.2,2.0,256.06,187.82,68.24,0.352,26.65
PDST13,LP9041297,FEDALOC SR 60MG TABS 30,1.83,1.0,183.14,134.35,48.79,0.252,26.641
PDST13,LP9041391,GLUCOPHAGE  500MG TABS  90,0.331,0.333,34.05,24.95,9.1,0.047,26.725
PDST13,LP9074587,ELTROXIN NF  50MCG TABS 30,1.331,2.0,105.94,77.72,28.22,0.145,26.638
PDST13,LP9074589,ELTROXIN NF 100MCG TABS 30,2.7,3.0,201.12,147.57,53.55,0.276,26.626
PDST13,LP9118767,EMCOR  2.5MG TABS 30,1.633,3.0,181.17,135.63,45.54,0.235,25.137
PDST13,LP9118768,EMCOR  5MG TABS 30,0.5,1.0,57.54,41.0,16.54,0.085,28.745
PDST13,LP9121026,FLOLOC 10MG FCT 30,2.0,1.0,291.94,249.96,41.98,0.216,14.38
PDST13,LP9121650,ENALAPRIL 20MG TABS 28 ARYA,6.362,1.071,63.3,46.41,16.89,0.087,26.682
PDST13,LP9135619,GLUCOPHAGE XR  500MG TABS 30,2.367,1.0,33.24,23.69,9.55,0.049,28.73
PDST14,LP9041466,HYPOTONE 250MG TABS 500,0.38,0.06,54.33,35.92,18.41,0.095,33.886
PDST14,LP9041493,INEGY 10/10 TABS 30,1.5,1.0,286.23,234.13,52.1,0.269,18.202
PDST14,LP9049545,HIDRIST 24MG TABS 20,1.36,0.75,226.96,165.12,61.84,0.319,27.247
PDST14,LP9091935,REAPTAN  5/5MG,0.0,1.0,135.9,107.9,28.0,0.144,20.603
PDST15,LP9041539,KANTREXIL 500MG TABS 100,0.25,0.2,198.3,160.53,37.77,0.195,19.047
PDST15,LP9041601,LANOXIN 0.25MG TABS 120,1.779,0.125,10.54,7.73,2.81,0.014,26.66
PDST15,LP9041657,LEXAMIL  5MG TABS 30,0.0,1.0,148.28,108.77,39.51,0.204,26.646
PDST15,LP9041676,LIPOGEN 10MG TABS 30,8.0,1.0,34.86,25.57,9.29,0.048,26.649
PDST15,LP9041677,LIPOGEN 20MG TABS 30,3.0,2.0,74.68,54.78,19.9,0.103,26.647
PDST15,LP9041705,LOSAAR PLUS 100/25MG TABS 30,2.497,2.0,215.0,155.48,59.52,0.307,27.684
PDST15,LP9121495,LYBET  25MG CAPS 60,1.384,0.5,39.56,31.38,8.18,0.042,20.677
PDST15,LP9121496,LYBET  75MG CAPS 60,0.684,2.0,394.38,313.84,80.54,0.415,20.422
PDST15,LP9121497,LYBET 150MG CAPS 60,0.833,1.5,365.72,332.67,33.05,0.17,9.037
PDST15,LP9128038,LOKIT OD 20MG CAPS 30,3.433,2.0,406.8,342.2,64.6,0.333,15.88
PDST16,LP9041875,MYLACAND PLUS 16/12.5MG TABS 30,2.167,1.0,217.13,179.13,38.0,0.196,17.501
PDST16,LP9041877,MYLAN ALPRAZOLAM 1.0MG TABS 100,1.08,0.3,23.55,16.7,6.85,0.035,29.087
PDST16,LP9041893,DEFULIDE 40MG TABS 250,3.45,0.6,36.98,27.62,9.36,0.048,25.311
PDST16,LP9041930,MYPAID FORTE TABS  30,5.0,3.0,403.47,295.95,107.52,0.554,26.649
PDST16,LP9041986,NICOTINAMIDE 25MG 1000,0.856,0.12,12.18,8.2,3.98,0.021,32.677
PDST16,LP9042025,NUZAK 20MG CAPS 30,15.0,2.0,169.56,124.38,45.18,0.233,26.645
PDST16,LP9042043,OMEZ 20MG CAPS 30,0.6,1.0,210.17,168.19,41.98,0.216,19.974
PDST16,LP9049154,NEXIPRAZ 40MG TABS 30,5.367,1.0,461.49,409.38,52.11,0.269,11.292
PDST16,LP9058202,MEMOR 10MG TABS 60,2.297,0.5,184.59,161.98,22.61,0.117,12.249
PDST16,LP9079877,NURIKA  25MG CAPS 60,7.549,1.0,140.83,112.83,28.0,0.144,19.882
PDST16,LP9103984,MYLAN DICLOFENAC 50MG TABS   18,825.666,13.0,145.11,95.29,49.82,0.257,34.333
PDST16,LP9110608,MEZIBE 10MG TABS 30,4.0,1.0,243.77,202.16,41.61,0.215,17.069
PDST16,LP9111730,NUVIGIL 150MG TABS 30,0.0,1.0,564.5,512.39,52.11,0.269,9.231
PDST16,LP9128856,NIOSAR 160MG TABS 28,8.083,1.071,96.37,70.66,25.71,0.133,26.678
PDST16,LP9130818,OMECTRON 4MG ODT 10,1.8,0.2,50.3,36.9,13.4,0.069,26.64
PDST16,LP9130819,OMECTRON 8MG ODT 10,0.5,0.3,149.28,111.27,38.01,0.196,25.462
PDST16,LP9142626,TURANTO   50MG CAPS 100,2.61,0.3,174.21,151.6,22.61,0.117,12.979
PDST17,LP9042085,PANTOCID 40MG TABS 30,1.5,1.0,241.66,206.59,35.07,0.181,14.512
PDST17,LP9042107,PEARINDA 8MG TABS 30,1.067,1.0,131.43,98.09,33.34,0.172,25.367
PDST17,LP9042135,PHARMAPRESS 10MG TABS 30,2.0,1.0,77.78,57.06,20.72,0.107,26.639
PDST17,LP9042138,PHARMAPRESS CO 20MG TABS 30,1.001,1.0,153.58,112.66,40.92,0.211,26.644
PDST17,LP9042140,PHENERGAN 25MG TABS 100,1.34,0.3,68.93,50.56,18.37,0.095,26.65
PDST17,LP9042156,PLASMOQUINE 200MG CAPS 100,2.09,0.3,124.47,91.3,33.17,0.171,26.649
PDST17,LP9042193,PREMARIN 0.625MG TABS 28,2.0,1.0,224.18,172.08,52.1,0.269,23.24
PDST17,LP9042253,PURBAC ADULT TABS 500,0.338,0.24,73.68,55.42,18.26,0.094,24.783
PDST17,LP9042273,PYROCAPS 20MG CAPS 30,4.932,1.0,53.81,37.75,16.06,0.083,29.846
PDST17,LP9074018,PRAZOLOC 20MG TABS 30,7.533,1.0,140.13,103.13,37.0,0.191,26.404
PDST17,LP9074909,PEPLOC 40MG TABS 30,2.5,1.0,160.7,117.89,42.81,0.221,26.64
PDST17,LP9105750,PLENISH K 600MG SR TABS 100,2.15,0.3,66.96,47.71,19.25,0.099,28.749
PDST18,LP9040542,REPREX 8MG TABS 30,0.0,1.0,125.4,93.58,31.82,0.164,25.375
PDST18,LP9042386,RISNIA 0.5MG TABS 30,7.333,2.0,250.06,210.26,39.8,0.205,15.916
PDST18,LP9115694,RANCLAV 625MG FCT 15,10.0,1.0,118.19,86.7,31.49,0.162,26.644
PDST19,LP9042452,ALLOPURINOL 100MG TABS 30 CIPLA,0.0,1.0,30.27,24.03,6.24,0.032,20.614
PDST19,LP9042459,SANDOZ BEZAFIBRATE  400MG TABS 30,1.0,1.0,246.64,211.57,35.07,0.181,14.219
PDST19,LP9042535,SANDOZ ZOPICLONE 7.5MG TABS 30,1.667,1.0,69.28,54.98,14.3,0.074,20.641
PDST19,LP9138734,SEREFLO DPI 50/500MG 60 DOSE,0.0,1.0,289.03,236.92,52.11,0.269,18.029
PDST20,LP9042556,SERDEP 100MG TABS 30,10.933,1.0,171.68,125.94,45.74,0.236,26.643
PDST20,LP9042557,SERDEP  50MG TABS 30,15.466,1.0,135.61,99.48,36.13,0.186,26.643
PDST20,LP9042601,SINOPREN 20MG TABS 30,0.0,1.0,37.54,27.54,10.0,0.052,26.638
PDST20,LP9042649,STILPANE TABS  100,0.5,0.3,36.57,26.83,9.74,0.05,26.634
PDST20,LP9042680,ADCO SYNALEVE CAPS  40,7.75,2.25,379.02,298.49,80.53,0.415,21.247
PDST21,LP9042698,TAMIFLU 45MG CAPS 10,2.0,1.0,469.0,427.02,41.98,0.216,8.951
PDST21,LP9042753,TENSTON SA TABS  40,7.35,1.0,185.03,135.73,49.3,0.254,26.644
PDST21,LP9042774,THADEN 75MG TABS 28,0.0,1.0,208.31,173.24,35.07,0.181,16.835
PDST21,LP9042827,TRAMAZAC 50MG CAPS 100,2.52,0.6,140.93,103.43,37.5,0.193,26.609
PDST21,LP9042829,TRAMAZAC CO 37.5MG TABS 60,0.335,5.0,762.45,702.95,59.5,0.307,7.804
PDST21,LP9042873,TRUSTAN 40MG TABS 28,0.265,1.071,484.03,431.75,52.28,0.27,10.801
PDST21,LP9063121,TENOPRESS  50MG TABS 30,3.0,0.5,10.67,7.83,2.84,0.015,26.617
PDST21,LP9081907,TRENVIR 300(600;200)MG TABS 30,11.0,2.0,379.18,320.34,58.84,0.303,15.518
PDST21,LP9105761,TRIPLIXAM 10/2.5/ 5MG FCT 30,0.0,1.0,246.43,194.33,52.1,0.269,21.142
PDST21,LP9105762,TRIPLIXAM 10/2.5/10MG FCT 30,0.0,1.0,254.83,202.73,52.1,0.269,20.445
PDST21,LP9129953,TIBILIVE 2.5MG TABS 30,0.0,1.0,385.77,343.79,41.98,0.216,10.882
PDST22,LP9042905,URBANOL 10MG TABS 100,2.38,0.3,157.14,115.27,41.87,0.216,26.645
PDST22,LP9042945,VENLOR XR 150MG CAPS 30,1.5,1.0,268.08,215.97,52.11,0.269,19.438
PDST22,LP9042952,VERAHEXAL 240SR 30,2.5,1.0,212.5,160.39,52.11,0.269,24.522
PDST22,LP9042984,VUSOR 10MG TABS 30,25.1,3.0,551.76,429.75,122.01,0.629,22.113
PDST22,LP9042985,VUSOR 20MG TABS 30,10.066,1.0,260.32,218.34,41.98,0.216,16.126
PDST22,LP9042986,VUSOR 40MG TABS 30,12.0,1.0,298.17,263.1,35.07,0.181,11.762
PDST22,LP9042987,VUSOR  5MG TABS 30,21.2,1.0,127.24,90.24,37.0,0.191,29.079
PDST22,LP9043041,ZARTAN 100MG TABS 30,0.697,2.0,208.36,152.86,55.5,0.286,26.637
PDST22,LP9043108,ZOPIVANE 7.5MG TABS 30,0.667,1.0,78.77,57.78,20.99,0.108,26.647
PDST22,LP9057839,XET 20MG TABS 30,0.667,1.5,276.44,239.14,37.3,0.192,13.493
PDST22,LP9110438,ZITHRACT 500MG TABS 3,9.647,0.667,91.45,77.24,14.21,0.073,15.539
PDST22,LP9110778,ZORIKOS 300MG TABS  30,0.6,1.0,79.68,58.39,21.29,0.11,26.719
PDST22,LP9140704,ZILSUN MR TABS 30,1.0,1.0,305.02,252.91,52.11,0.269,17.084
PDST22,LP9150911,DIPTATRIS 10/320/25MG TABS 30,0.0,1.0,301.96,273.65,28.31,0.146,9.375
PDST23,LP9043191,AVAMYS AQUEOUS NASAL SPRAY,1.0,1.0,304.42,252.31,52.11,0.269,17.118
PDST23,LP9043225,BUDEFLAM INHALER 200 300 DOSE,0.0,1.0,200.32,158.34,41.98,0.216,20.956
PDST23,LP9043237,CHLORAMPHENICOL DROPS 0.5% *F*,0.7,0.1,46.28,33.95,12.33,0.064,26.642
PDST24,LP9043304,DIFFERIN GEL 30G,0.0,1.0,343.45,316.1,27.35,0.141,7.963
PDST24,LP9043316,DOVATE OINTMENT 25GM,1.0,1.0,92.91,66.21,26.7,0.138,28.737
PDST24,LP9043323,DUOLIN RESPULES  60   CIPLA,1.999,0.167,112.41,84.05,28.36,0.146,25.229
PDST24,LP9043382,FORATEC HFA 120 MDI,1.0,2.0,364.44,272.9,91.54,0.472,25.118
PDST25,LP9043519,NUR ISTERATE 200MG AMP 1ML,33.0,2.0,138.04,101.26,36.78,0.19,26.644
PDST25,LP9043532,PANAMOR SUPPS 100MG 5,2.0,1.0,105.3,77.24,28.06,0.145,26.648
PDST25,LP9043572,REPIVATE CRM 500G,6.28,0.2,78.87,65.56,13.31,0.069,16.876
PDST25,LP9114251,OPTIPHEN SOLN 10ML,1.0,1.0,104.67,76.79,27.88,0.144,26.636
PDST25,LP9128907,MYTRICON 150MG/1ML INJ 25,1.81,0.12,186.15,136.56,49.59,0.256,26.64
PDST25,LP9131330,MYDEX OPTH SUSP 5ML,0.0,1.0,209.88,166.37,43.51,0.224,20.731
PDST26,LP9151839,ZIDAFLO 25MG TABS 100,1.5,0.3,21.18,15.54,5.64,0.029,26.629
PDST33,LP9087561,BIO DICLOFENAC AMP 3ML  10,3.3,0.3,8.87,6.45,2.42,0.012,27.283
PDST33,LP9110606,OZEMPIC PFP 2MG/1.5ML INJ 1,1.0,1.0,1275.64,1232.14,43.5,0.224,3.41
PDST33,LP9111810,TETANUS VACCINE 0.5MLX10 CIPLA *F*,1.4,0.2,202.6,148.58,54.02,0.278,26.663
PDST34,LP9031852,HEEL GRIPP-HEEL AMPS 10,5.3,0.2,88.84,65.14,23.7,0.122,26.677
PDST34,LP9031859,HEEL LYMPHOMYOSOT AMPS 10,0.8,0.1,43.04,24.98,18.06,0.093,41.961
PDST34,LP9031873,HEEL TRAUMEEL S 10 AMP,2.8,0.1,47.12,33.36,13.76,0.071,29.202
PDST34,LP9031882,HEEL ZEEL T  AMPS 10,2.7,0.1,92.34,66.67,25.67,0.132,27.799
PDST34,LP9035541,HEEL ECHINACEA COMP S AMPS 10,1.1,0.2,223.96,164.3,59.66,0.308,26.639
PDST34,LP9041858,HEEL MUCOSA COMP 10 AMP,6.5,0.1,110.45,80.99,29.46,0.152,26.673
PDST34,LP9044569,HEEL SPASCUPREEL  AMPS 10,4.7,0.1,47.52,35.24,12.28,0.063,25.842
PDWB01,LP9060227,THE CHOICE 1 FLU MIX,198.0,3.0,91.29,48.0,43.29,0.223,47.42
PDWB01,LP9060228,THE CHOICE 2 FLU MIX,23.0,16.0,626.08,210.72,415.36,2.141,66.343
PDWB01,LP9060239,THE CHOICE 1 PAIN TAB,143.0,15.0,195.6,73.2,122.4,0.631,62.577
PDWB01,LP9060253,THE CHOICE 1 MIGRAINE MIX,94.0,5.0,95.65,26.57,69.08,0.356,72.222
PDWB01,LP9060254,THE CHOICE 2 MIGRAINE MIX,21.0,1.0,26.04,5.55,20.49,0.106,78.687
PDWB01,LP9060255,THE CHOICE 1 GOUT MIX,68.0,12.0,229.56,61.35,168.21,0.867,73.275
PDWB01,LP9060275,THE CHOICE 1 ASCORBIC ACID TAB,32.0,1.0,21.74,9.15,12.59,0.065,57.912
PDWB01,LP9086991,THE CHOICE 2 ANTI INFLAMMATORY TAB,75.0,3.0,60.0,26.52,33.48,0.173,55.8
PDWB01,LP9107081,THE CHOICE 1 NAPACOD TAB,204.0,4.0,93.72,50.44,43.28,0.223,46.18
ZFB202,20604030,HORSE AND PET VET CLINIC,0.0,1.0,770.39,592.22,178.17,0.918,23.127
